,MODEL_TYPE,FILE_NAME,NUM_NODES,PARTITION_ID,METHOD,NUM_PARTITIONS,GEN_PARTITION,NX_NVI,NX_NMI,NX_RAND_IDX,IG_NVI,IG_NMI,IG_RAND_IDX,MOD
0,toy,./data/toy/grid-p-6x6.net,36,1,Garvin-Newman,0,False,0.525487709845241,0.4031485840683868,0.7317460317460318,0.48143091911201974,0.3653030425192434,0.7158730158730158,0.41666666666666663
1,toy,./data/toy/grid-p-6x6.net,36,1,Greedy,0,False,0.525487709845241,0.4031485840683868,0.7317460317460318,0.5673982096085844,0.24496112118172678,0.6587301587301586,0.41666666666666663
2,toy,./data/toy/grid-p-6x6.net,36,1,Label-Propagation,0,False,0.39773009929197223,0.4254734689882044,0.7095238095238094,0.38043304550935503,0.0,0.23968253968253972,0.34567901234567905
